Year;Stage;Home Team Name;Home Team Goals;Away Team Goals;Away Team Name;Winner;Points
1930;Group A;France;4;1;Mexico;France;3
1930;Group D;USA;3;0;Belgium;USA;3
1930;Group B;Yugoslavia;2;1;Brazil;Yugoslavia;3
1930;Group C;Romania;3;1;Peru;Romania;3
1930;Group A;Argentina;1;0;France;Argentina;3
1930;Group A;Chile;3;0;Mexico;Chile;3
1930;Group B;Yugoslavia;4;0;Bolivia;Yugoslavia;3
1930;Group D;USA;3;0;Paraguay;USA;3
1930;Group C;Uruguay;1;0;Peru;Uruguay;3
1930;Group A;Chile;1;0;France;Chile;3
1930;Group A;Argentina;6;3;Mexico;Argentina;3
1930;Group B;Brazil;4;0;Bolivia;Brazil;3
1930;Group D;Paraguay;1;0;Belgium;Paraguay;3
1930;Group C;Uruguay;4;0;Romania;Uruguay;3
1930;Group A;Argentina;3;1;Chile;Argentina;3
1930;Semi-finals;Argentina;6;1;USA;Argentina;3
1930;Semi-finals;Uruguay;6;1;Yugoslavia;Uruguay;3
1930;Final;Uruguay;4;2;Argentina;Uruguay;3
1934;Preliminary round;Austria;3;2;France;Austria;3
1934;Preliminary round;Hungary;4;2;Egypt;Hungary;3
1934;Preliminary round;Switzerland;3;2;Netherland;Switzerland;3
1934;Preliminary round;Sweden;3;2;Argentina;Sweden;3
1934;Preliminary round;Germany;5;2;Belgium;Germany;3
1934;Preliminary round;Spain;3;1;Brazil;Spain;3
1934;Preliminary round;Italy;7;1;USA;Italy;3
1934;Preliminary round;Czechoslovakia;2;1;Romania;Czechoslovakia;3
1934;Quarter-finals;Czechoslovakia;3;2;Switzerland;Czechoslovakia;3
1934;Quarter-finals;Germany;2;1;Sweden;Germany;3
1934;Quarter-finals;Italy;1;1;Spain;Draw;1
1934;Quarter-finals;Austria;2;1;Hungary;Austria;3
1934;Quarter-finals;Italy;1;0;Spain;Italy;3
1934;Semi-finals;Italy;1;0;Austria;Italy;3
1934;Semi-finals;Czechoslovakia;3;1;Germany;Czechoslovakia;3
1934;Match for third place;Germany;3;2;Austria;Germany;3
1934;Final;Italy;2;1;Czechoslovakia;Italy;3
1938;First round;Switzerland;1;1;Germany;Draw;1
1938;First round;Hungary;6;0;Dutch East Indies;Hungary;3
1938;First round;France;3;1;Belgium;France;3
1938;First round;Cuba;3;3;Romania;Draw;1
1938;First round;Italy;2;1;Norway;Italy;3
1938;First round;Brazil;6;5;Poland;Brazil;3
1938;First round;Czechoslovakia;3;0;Netherland;Czechoslovakia;3
1938;First round;Cuba;2;1;Romania;Cuba;3
1938;First round;Switzerland;4;2;Germany;Switzerland;3
1938;Quarter-finals;Brazil;1;1;Czechoslovakia;Draw;1
1938;Quarter-finals;Hungary;2;0;Switzerland;Hungary;3
1938;Quarter-finals;Sweden;8;0;Cuba;Sweden;3
1938;Quarter-finals;Italy;3;1;France;Italy;3
1938;Quarter-finals;Brazil;2;1;Czechoslovakia;Brazil;3
1938;Semi-finals;Hungary;5;1;Sweden;Hungary;3
1938;Semi-finals;Italy;2;1;Brazil;Italy;3
1938;Match for third place;Brazil;4;2;Sweden;Brazil;3
1938;Final;Italy;4;2;Hungary;Italy;3
1950;Group A;Brazil;4;0;Mexico;Brazil;3
1950;Group B;England;2;0;Chile;England;3
1950;Group B;Spain;3;1;USA;Spain;3
1950;Group C;Sweden;3;2;Italy;Sweden;3
1950;Group A;Yugoslavia;3;0;Switzerland;Yugoslavia;3
1950;Group A;Brazil;2;2;Switzerland;Draw;1
1950;Group A;Yugoslavia;4;1;Mexico;Yugoslavia;3
1950;Group B;Spain;2;0;Chile;Spain;3
1950;Group C;Sweden;2;2;Paraguay;Draw;1
1950;Group B;USA;1;0;England;USA;3
1950;Group A;Brazil;2;0;Yugoslavia;Brazil;3
1950;Group B;Spain;1;0;England;Spain;3
1950;Group C;Italy;2;0;Paraguay;Italy;3
1950;Group D;Uruguay;8;0;Bolivia;Uruguay;3
1950;Group A;Switzerland;2;1;Mexico;Switzerland;3
1950;Group B;Chile;5;2;USA;Chile;3
1950;Group E;Uruguay;2;2;Spain;Draw;1
1950;Group E;Brazil;7;1;Sweden;Brazil;3
1950;Group E;Brazil;6;1;Spain;Brazil;3
1950;Group E;Uruguay;3;2;Sweden;Uruguay;3
1950;Group E;Sweden;3;1;Spain;Sweden;3
1950;Group E;Uruguay;2;1;Brazil;Uruguay;3
1954;Group C;Uruguay;2;0;Czechoslovakia;Uruguay;3
1954;Group C;Austria;1;0;Scotland;Austria;3
1954;Group A;Brazil;5;0;Mexico;Brazil;3
1954;Group A;Yugoslavia;1;0;France;Yugoslavia;3
1954;Group B;Germany;4;1;Turkey;Germany;3
1954;Group B;Hungary;9;0;South Korea;Hungary;3
1954;Group D;England;4;4;Belgium;Draw;1
1954;Group D;Switzerland;2;1;Italy;Switzerland;3
1954;Group C;Uruguay;7;0;Scotland;Uruguay;3
1954;Group C;Austria;5;0;Czechoslovakia;Austria;3
1954;Group A;France;3;2;Mexico;France;3
1954;Group A;Brazil;1;1;Yugoslavia;Draw;1
1954;Group B;Hungary;8;3;Germany;Hungary;3
1954;Group B;Turkey;7;0;South Korea;Turkey;3
1954;Group D;England;2;0;Switzerland;England;3
1954;Group D;Italy;4;1;Belgium;Italy;3
1954;Group B;Germany;7;2;Turkey;Germany;3
1954;Group D;Switzerland;4;1;Italy;Switzerland;3
1954;Quarter-finals;Uruguay;4;2;England;Uruguay;3
1954;Quarter-finals;Austria;7;5;Switzerland;Austria;3
1954;Quarter-finals;Germany;2;0;Yugoslavia;Germany;3
1954;Quarter-finals;Hungary;4;2;Brazil;Hungary;3
1954;Semi-finals;Germany;6;1;Austria;Germany;3
1954;Semi-finals;Hungary;4;2;Uruguay;Hungary;3
1954;Match for third place;Austria;3;1;Uruguay;Austria;3
1954;Final;Germany;3;2;Hungary;Germany;3
1958;Group C;Sweden;3;0;Mexico;Sweden;3
1958;Group D;Soviet Union;2;2;England;Draw;1
1958;Group A;Argentina;1;3;Germany;Germany;3
1958;Group C;Hungary;1;1;Wale;Draw;1
1958;Group B;France;7;3;Paraguay;France;3
1958;Group B;Yugoslavia;1;1;Scotland;Draw;1
1958;Group D;Brazil;3;0;Austria;Brazil;3
1958;Group A;Northern Ireland;1;0;Czechoslovakia;Northern Ireland;3
1958;Group D;Brazil;0;0;England;Draw;1
1958;Group C;Mexico;1;1;Wale;Draw;1
1958;Group B;Paraguay;3;2;Scotland;Paraguay;3
1958;Group B;Yugoslavia;3;2;France;Yugoslavia;3
1958;Group D;Soviet Union;2;0;Austria;Soviet Union;3
1958;Group A;Germany;2;2;Czechoslovakia;Draw;1
1958;Group A;Argentina;3;1;Northern Ireland;Argentina;3
1958;Group C;Sweden;2;1;Hungary;Sweden;3
1958;Group C;Sweden;0;0;Wale;Draw;1
1958;Group D;Brazil;2;0;Soviet Union;Brazil;3
1958;Group A;Germany;2;2;Northern Ireland;Draw;1
1958;Group C;Hungary;4;0;Mexico;Hungary;3
1958;Group B;Paraguay;3;3;Yugoslavia;Draw;1
1958;Group B;France;2;1;Scotland;France;3
1958;Group D;England;2;2;Austria;Draw;1
1958;Group A;Czechoslovakia;6;1;Argentina;Czechoslovakia;3
1958;Group D;Soviet Union;1;0;England;Soviet Union;3
1958;Group A;Northern Ireland;2;1;Czechoslovakia;Northern Ireland;3
1958;Group C;Wale;2;1;Hungary;Wale;3
1958;Quarter-finals;Brazil;1;0;Wale;Brazil;3
1958;Quarter-finals;Germany;1;0;Yugoslavia;Germany;3
1958;Quarter-finals;Sweden;2;0;Soviet Union;Sweden;3
1958;Quarter-finals;France;4;0;Northern Ireland;France;3
1958;Semi-finals;Sweden;3;1;Germany;Sweden;3
1958;Semi-finals;Brazil;5;2;France;Brazil;3
1958;Match for third place;France;6;3;Germany;France;3
1958;Final;Brazil;5;2;Sweden;Brazil;3
1962;Group A;Uruguay;2;1;Colombia;Uruguay;3
1962;Group C;Brazil;2;0;Mexico;Brazil;3
1962;Group D;Argentina;1;0;Bulgaria;Argentina;3
1962;Group B;Chile;3;1;Switzerland;Chile;3
1962;Group A;Soviet Union;2;0;Yugoslavia;Soviet Union;3
1962;Group C;Czechoslovakia;1;0;Spain;Czechoslovakia;3
1962;Group D;Hungary;2;1;England;Hungary;3
1962;Group B;Germany;0;0;Italy;Draw;1
1962;Group A;Yugoslavia;3;1;Uruguay;Yugoslavia;3
1962;Group C;Brazil;0;0;Czechoslovakia;Draw;1
1962;Group D;England;3;1;Argentina;England;3
1962;Group B;Chile;2;0;Italy;Chile;3
1962;Group A;Soviet Union;4;4;Colombia;Draw;1
1962;Group C;Spain;1;0;Mexico;Spain;3
1962;Group D;Hungary;6;1;Bulgaria;Hungary;3
1962;Group B;Germany;2;1;Switzerland;Germany;3
1962;Group A;Soviet Union;2;1;Uruguay;Soviet Union;3
1962;Group C;Brazil;2;1;Spain;Brazil;3
1962;Group D;Hungary;0;0;Argentina;Draw;1
1962;Group B;Germany;2;0;Chile;Germany;3
1962;Group A;Yugoslavia;5;0;Colombia;Yugoslavia;3
1962;Group C;Mexico;3;1;Czechoslovakia;Mexico;3
1962;Group D;England;0;0;Bulgaria;Draw;1
1962;Group B;Italy;3;0;Switzerland;Italy;3
1962;Quarter-finals;Chile;2;1;Soviet Union;Chile;3
1962;Quarter-finals;Brazil;3;1;England;Brazil;3
1962;Quarter-finals;Czechoslovakia;1;0;Hungary;Czechoslovakia;3
1962;Quarter-finals;Yugoslavia;1;0;Germany;Yugoslavia;3
1962;Semi-finals;Czechoslovakia;3;1;Yugoslavia;Czechoslovakia;3
1962;Semi-finals;Brazil;4;2;Chile;Brazil;3
1962;Match for third place;Chile;1;0;Yugoslavia;Chile;3
1962;Final;Brazil;3;1;Czechoslovakia;Brazil;3
1966;Group A;England;0;0;Uruguay;Draw;1
1966;Group B;Germany;5;0;Switzerland;Germany;3
1966;Group C;Brazil;2;0;Bulgaria;Brazil;3
1966;Group D;Soviet Union;3;0;Korea DPR;Soviet Union;3
1966;Group A;France;1;1;Mexico;Draw;1
1966;Group C;Portugal;3;1;Hungary;Portugal;3
1966;Group B;Argentina;2;1;Spain;Argentina;3
1966;Group D;Italy;2;0;Chile;Italy;3
1966;Group A;Uruguay;2;1;France;Uruguay;3
1966;Group B;Spain;2;1;Switzerland;Spain;3
1966;Group C;Hungary;3;1;Brazil;Hungary;3
1966;Group D;Korea DPR;1;1;Chile;Draw;1
1966;Group C;Portugal;3;0;Bulgaria;Portugal;3
1966;Group B;Germany;0;0;Argentina;Draw;1
1966;Group D;Soviet Union;1;0;Italy;Soviet Union;3
1966;Group A;England;2;0;Mexico;England;3
1966;Group A;Uruguay;0;0;Mexico;Draw;1
1966;Group B;Argentina;2;0;Switzerland;Argentina;3
1966;Group C;Portugal;3;1;Brazil;Portugal;3
1966;Group D;Korea DPR;1;0;Italy;Korea DPR;3
1966;Group A;England;2;0;France;England;3
1966;Group C;Hungary;3;1;Bulgaria;Hungary;3
1966;Group B;Germany;2;1;Spain;Germany;3
1966;Group D;Soviet Union;2;1;Chile;Soviet Union;3
1966;Quarter-finals;England;1;0;Argentina;England;3
1966;Quarter-finals;Germany;4;0;Uruguay;Germany;3
1966;Quarter-finals;Soviet Union;2;1;Hungary;Soviet Union;3
1966;Quarter-finals;Portugal;5;3;Korea DPR;Portugal;3
1966;Semi-finals;Germany;2;1;Soviet Union;Germany;3
1966;Semi-finals;England;2;1;Portugal;England;3
1966;Match for third place;Portugal;2;1;Soviet Union;Portugal;3
1966;Final;England;4;2;Germany;England;3
1970;Group A;Mexico;0;0;Soviet Union;Draw;1
1970;Group B;Uruguay;2;0;Israel;Uruguay;3
1970;Group D;Peru;3;2;Bulgaria;Peru;3
1970;Group C;England;1;0;Romania;England;3
1970;Group B;Italy;1;0;Sweden;Italy;3
1970;Group D;Germany;2;1;Morocco;Germany;3
1970;Group C;Brazil;4;1;Czechoslovakia;Brazil;3
1970;Group A;Belgium;3;0;El Salvador;Belgium;3
1970;Group B;Uruguay;0;0;Italy;Draw;1
1970;Group D;Peru;3;0;Morocco;Peru;3
1970;Group C;Romania;2;1;Czechoslovakia;Romania;3
1970;Group A;Soviet Union;4;1;Belgium;Soviet Union;3
1970;Group B;Sweden;1;1;Israel;Draw;1
1970;Group D;Germany;5;2;Bulgaria;Germany;3
1970;Group C;Brazil;1;0;England;Brazil;3
1970;Group A;Mexico;4;0;El Salvador;Mexico;3
1970;Group B;Sweden;1;0;Uruguay;Sweden;3
1970;Group D;Germany;3;1;Peru;Germany;3
1970;Group C;Brazil;3;2;Romania;Brazil;3
1970;Group A;Soviet Union;2;0;El Salvador;Soviet Union;3
1970;Group B;Italy;0;0;Israel;Draw;1
1970;Group D;Bulgaria;1;1;Morocco;Draw;1
1970;Group C;England;1;0;Czechoslovakia;England;3
1970;Group A;Mexico;1;0;Belgium;Mexico;3
1970;Quarter-finals;Italy;4;1;Mexico;Italy;3
1970;Quarter-finals;Germany;3;2;England;Germany;3
1970;Quarter-finals;Brazil;4;2;Peru;Brazil;3
1970;Quarter-finals;Uruguay;1;0;Soviet Union;Uruguay;3
1970;Semi-finals;Brazil;3;1;Uruguay;Brazil;3
1970;Semi-finals;Italy;4;3;Germany;Italy;3
1970;Match for third place;Germany;1;0;Uruguay;Germany;3
1970;Final;Brazil;4;1;Italy;Brazil;3
1974;Group B;Brazil;0;0;Yugoslavia;Draw;1
1974;Group A;Germany;1;0;Chile;Germany;3
1974;Group A;German DR;2;0;Australia;German DR;3
1974;Group B;Zaire;0;2;Scotland;Scotland;3
1974;Group C;Uruguay;0;2;Netherland;Netherland;3
1974;Group C;Sweden;0;0;Bulgaria;Draw;1
1974;Group D;Italy;3;1;Haiti;Italy;3
1974;Group D;Poland;3;2;Argentina;Poland;3
1974;Group A;Australia;0;3;Germany;Germany;3
1974;Group B;Scotland;0;0;Brazil;Draw;1
1974;Group A;Chile;1;1;German DR;Draw;1
1974;Group B;Yugoslavia;9;0;Zaire;Yugoslavia;3
1974;Group C;Netherland;0;0;Sweden;Draw;1
1974;Group C;Bulgaria;1;1;Uruguay;Draw;1
1974;Group D;Haiti;0;7;Poland;Poland;3
1974;Group D;Argentina;1;1;Italy;Draw;1
1974;Group B;Scotland;1;1;Yugoslavia;Draw;1
1974;Group A;Australia;0;0;Chile;Draw;1
1974;Group B;Zaire;0;3;Brazil;Brazil;3
1974;Group A;German DR;1;0;Germany;German DR;3
1974;Group C;Bulgaria;1;4;Netherland;Netherland;3
1974;Group D;Argentina;4;1;Haiti;Argentina;3
1974;Group C;Sweden;3;0;Uruguay;Sweden;3
1974;Group D;Poland;2;1;Italy;Poland;3
1974;Group B;Yugoslavia;0;2;Germany;Germany;3
1974;Group A;Brazil;1;0;German DR;Brazil;3
1974;Group A;Netherland;4;0;Argentina;Netherland;3
1974;Group B;Sweden;0;1;Poland;Poland;3
1974;Group A;Argentina;1;2;Brazil;Brazil;3
1974;Group B;Poland;2;1;Yugoslavia;Poland;3
1974;Group A;German DR;0;2;Netherland;Netherland;3
1974;Group B;Germany;4;2;Sweden;Germany;3
1974;Group B;Poland;0;1;Germany;Germany;3
1974;Group A;Netherland;2;0;Brazil;Netherland;3
1974;Group A;Argentina;1;1;German DR;Draw;1
1974;Group B;Sweden;2;1;Yugoslavia;Sweden;3
1974;Match for third place;Brazil;0;1;Poland;Poland;3
1974;Final;Netherland;1;2;Germany;Germany;3
1978;Group B;Germany;0;0;Poland;Draw;1
1978;Group A;Italy;2;1;France;Italy;3
1978;Group B;Tunisia;3;1;Mexico;Tunisia;3
1978;Group A;Argentina;2;1;Hungary;Argentina;3
1978;Group C;Sweden;1;1;Brazil;Draw;1
1978;Group C;Austria;2;1;Spain;Austria;3
1978;Group D;Peru;3;1;Scotland;Peru;3
1978;Group D;Netherland;3;0;IR Iran;Netherland;3
1978;Group A;Italy;3;1;Hungary;Italy;3
1978;Group B;Poland;1;0;Tunisia;Poland;3
1978;Group B;Germany;6;0;Mexico;Germany;3
1978;Group A;Argentina;2;1;France;Argentina;3
1978;Group C;Brazil;0;0;Spain;Draw;1
1978;Group C;Austria;1;0;Sweden;Austria;3
1978;Group D;Scotland;1;1;IR Iran;Draw;1
1978;Group D;Netherland;0;0;Peru;Draw;1
1978;Group A;France;3;1;Hungary;France;3
1978;Group B;Poland;3;1;Mexico;Poland;3
1978;Group B;Germany;0;0;Tunisia;Draw;1
1978;Group A;Italy;1;0;Argentina;Italy;3
1978;Group C;Brazil;1;0;Austria;Brazil;3
1978;Group C;Spain;1;0;Sweden;Spain;3
1978;Group D;Peru;4;1;Iran;Peru;3
1978;Group D;Scotland;3;2;Netherland;Scotland;3
1978;Group A;Germany;0;0;Italy;Draw;1
1978;Group A;Netherland;5;1;Austria;Netherland;3
1978;Group B;Brazil;3;0;Peru;Brazil;3
1978;Group B;Argentina;2;0;Poland;Argentina;3
1978;Group B;Poland;1;0;Peru;Poland;3
1978;Group A;Italy;1;0;Austria;Italy;3
1978;Group A;Germany;2;2;Netherland;Draw;1
1978;Group B;Argentina;0;0;Brazil;Draw;1
1978;Group A;Netherland;2;1;Italy;Netherland;3
1978;Group A;Austria;3;2;Germany;Austria;3
1978;Group B;Brazil;3;1;Poland;Brazil;3
1978;Group B;Argentina;6;0;Peru;Argentina;3
1978;Match for third place;Brazil;2;1;Italy;Brazil;3
1978;Final;Argentina;3;1;Netherland;Argentina;3
1982;Group C;Argentina;0;1;Belgium;Belgium;3
1982;Group A;Italy;0;0;Poland;Draw;1
1982;Group F;Brazil;2;1;Soviet Union;Brazil;3
1982;Group A;Peru;0;0;Cameroon;Draw;1
1982;Group C;Hungary;10;1;El Salvador;Hungary;3
1982;Group F;Scotland;5;2;New Zealand;Scotland;3
1982;Group B;Germany;1;2;Algeria;Algeria;3
1982;Group D;England;3;1;France;England;3
1982;Group E;Spain;1;1;Honduras;Draw;1
1982;Group B;Chile;0;1;Austria;Austria;3
1982;Group D;Czechoslovakia;1;1;Kuwait;Draw;1
1982;Group E;Yugoslavia;0;0;Northern Ireland;Draw;1
1982;Group A;Italy;1;1;Peru;Draw;1
1982;Group C;Argentina;4;1;Hungary;Argentina;3
1982;Group F;Brazil;4;1;Scotland;Brazil;3
1982;Group A;Poland;0;0;Cameroon;Draw;1
1982;Group C;Belgium;1;0;El Salvador;Belgium;3
1982;Group F;Soviet Union;3;0;New Zealand;Soviet Union;3
1982;Group B;Germany;4;1;Chile;Germany;3
1982;Group D;England;2;0;Czechoslovakia;England;3
1982;Group E;Spain;2;1;Yugoslavia;Spain;3
1982;Group B;Algeria;0;2;Austria;Austria;3
1982;Group D;France;4;1;Kuwait;France;3
1982;Group E;Honduras;1;1;Northern Ireland;Draw;1
1982;Group A;Poland;5;1;Peru;Poland;3
1982;Group C;Belgium;1;1;Hungary;Draw;1
1982;Group F;Soviet Union;2;2;Scotland;Draw;1
1982;Group A;Italy;1;1;Cameroon;Draw;1
1982;Group C;Argentina;2;0;El Salvador;Argentina;3
1982;Group F;Brazil;4;0;New Zealand;Brazil;3
1982;Group B;Algeria;3;2;Chile;Algeria;3
1982;Group D;France;1;1;Czechoslovakia;Draw;1
1982;Group 5;Honduras;0;1;Yugoslavia;Yugoslavia;3
1982;Group B;Germany;1;0;Austria;Germany;3
1982;Group D;England;1;0;Kuwait;England;3
1982;Group E;Northern Ireland;1;0;Spain;Northern Ireland;3
1982;Group D;Austria;0;1;France;France;3
1982;Group A;Poland;3;0;Belgium;Poland;3
1982;Group C;Italy;2;1;Argentina;Italy;3
1982;Group B;Germany;0;0;England;Draw;1
1982;Group D;Austria;2;2;Northern Ireland;Draw;1
1982;Group A;Belgium;0;1;Soviet Union;Soviet Union;3
1982;Group C;Argentina;1;3;Brazil;Brazil;3
1982;Group B;Germany;2;1;Spain;Germany;3
1982;Group D;France;4;1;Northern Ireland;France;3
1982;Group A;Poland;0;0;Soviet Union;Draw;1
1982;Group C;Italy;3;2;Brazil;Italy;3
1982;Group B;Spain;0;0;England;Draw;1
1982;Semi-finals;Poland;0;2;Italy;Italy;3
1982;Semi-finals;Germany;3;3;France;Draw;1
1982;Match for third place;Poland;3;2;France;Poland;3
1982;Final;Italy;3;1;Germany;Italy;3
1986;Group A;Bulgaria;1;1;Italy;Draw;1
1986;Group C;Canada;0;1;France;France;3
1986;Group D;Spain;0;1;Brazil;Brazil;3
1986;Group C;Soviet Union;6;0;Hungary;Soviet Union;3
1986;Group A;Argentina;3;1;South Korea;Argentina;3
1986;Group F;Morocco;0;0;Poland;Draw;1
1986;Group D;Algeria;1;1;Northern Ireland;Draw;1
1986;Group B;Belgium;1;2;Mexico;Mexico;3
1986;Group F;Portugal;1;0;England;Portugal;3
1986;Group B;Paraguay;1;0;Iraq;Paraguay;3
1986;Group E;Scotland;0;1;Denmark;Denmark;3
1986;Group E;Uruguay;1;1;Germany;Draw;1
1986;Group A;Italy;1;1;Argentina;Draw;1
1986;Group C;France;1;1;Soviet Union;Draw;1
1986;Group A;South Korea;1;1;Bulgaria;Draw;1
1986;Group C;Hungary;2;0;Canada;Hungary;3
1986;Group D;Brazil;1;0;Algeria;Brazil;3
1986;Group F;England;0;0;Morocco;Draw;1
1986;Group D;Northern Ireland;1;2;Spain;Spain;3
1986;Group B;Mexico;1;1;Paraguay;Draw;1
1986;Group F;Poland;1;0;Portugal;Poland;3
1986;Group B;Iraq;1;2;Belgium;Belgium;3
1986;Group E;Denmark;6;1;Uruguay;Denmark;3
1986;Group E;Germany;2;1;Scotland;Germany;3
1986;Group C;Hungary;0;3;France;France;3
1986;Group C;Soviet Union;2;0;Canada;Soviet Union;3
1986;Group A;South Korea;2;3;Italy;Italy;3
1986;Group A;Argentina;2;0;Bulgaria;Argentina;3
1986;Group B;Paraguay;2;2;Belgium;Draw;1
1986;Group B;Iraq;0;1;Mexico;Mexico;3
1986;Group F;Portugal;1;3;Morocco;Morocco;3
1986;Group F;England;3;0;Poland;England;3
1986;Group D;Northern Ireland;0;3;Brazil;Brazil;3
1986;Group D;Algeria;0;3;Spain;Spain;3
1986;Group E;Scotland;0;0;Uruguay;Draw;1
1986;Group E;Denmark;2;0;Germany;Denmark;3
1986;Round of 16;Soviet Union;3;4;Belgium;Belgium;3
1986;Round of 16;Mexico;2;0;Bulgaria;Mexico;3
1986;Round of 16;Argentina;1;0;Uruguay;Argentina;3
1986;Round of 16;Brazil;4;0;Poland;Brazil;3
1986;Round of 16;Italy;0;2;France;France;3
1986;Round of 16;Morocco;0;1;Germany;Germany;3
1986;Round of 16;England;3;0;Paraguay;England;3
1986;Round of 16;Denmark;1;5;Spain;Spain;3
1986;Quarter-finals;Brazil;1;1;France;Draw;1
1986;Quarter-finals;Germany;0;0;Mexico;Draw;1
1986;Quarter-finals;Spain;1;1;Belgium;Draw;1
1986;Quarter-finals;Argentina;2;1;England;Argentina;3
1986;Semi-finals;France;0;2;Germany;Germany;3
1986;Semi-finals;Argentina;2;0;Belgium;Argentina;3
1986;Match for third place;France;4;2;Belgium;France;3
1986;Final;Argentina;3;2;Germany;Argentina;3
1990;Group B;Argentina;0;1;Cameroon;Cameroon;3
1990;Group B;Soviet Union;0;2;Romania;Romania;3
1990;Group D;United Arab Emirates;0;2;Colombia;Colombia;3
1990;Group A;Italy;1;0;Austria;Italy;3
1990;Group A;USA;1;5;Czechoslovakia;Czechoslovakia;3
1990;Group C;Brazil;2;1;Sweden;Brazil;3
1990;Group D;Germany;4;1;Yugoslavia;Germany;3
1990;Group C;Costa Rica;1;0;Scotland;Costa Rica;3
1990;Group F;England;1;1;Republic of Ireland;Draw;1
1990;Group E;Belgium;2;0;South Korea;Belgium;3
1990;Group F;Netherland;1;1;Egypt;Draw;1
1990;Group E;Uruguay;0;0;Spain;Draw;1
1990;Group B;Argentina;2;0;Soviet Union;Argentina;3
1990;Group B;Cameroon;2;1;Romania;Cameroon;3
1990;Group D;Yugoslavia;1;0;Colombia;Yugoslavia;3
1990;Group A;Italy;1;0;USA;Italy;3
1990;Group A;Austria;0;1;Czechoslovakia;Czechoslovakia;3
1990;Group D;Germany;5;1;United Arab Emirates;Germany;3
1990;Group C;Brazil;1;0;Costa Rica;Brazil;3
1990;Group C;Sweden;1;2;Scotland;Scotland;3
1990;Group F;England;0;0;Netherland;Draw;1
1990;Group F;Republic of Ireland;0;0;Egypt;Draw;1
1990;Group E;South Korea;1;3;Spain;Spain;3
1990;Group E;Belgium;3;1;Uruguay;Belgium;3
1990;Group B;Argentina;1;1;Romania;Draw;1
1990;Group B;Cameroon;0;4;Soviet Union;Soviet Union;3
1990;Group D;Germany;1;1;Colombia;Draw;1
1990;Group D;Yugoslavia;4;1;United Arab Emirates;Yugoslavia;3
1990;Group A;Italy;2;0;Czechoslovakia;Italy;3
1990;Group A;Austria;2;1;USA;Austria;3
1990;Group C;Brazil;1;0;Scotland;Brazil;3
1990;Group C;Sweden;1;2;Costa Rica;Costa Rica;3
1990;Group E;South Korea;0;1;Uruguay;Uruguay;3
1990;Group E;Belgium;1;2;Spain;Spain;3
1990;Group F;Republic of Ireland;1;1;Netherland;Draw;1
1990;Group F;England;1;0;Egypt;England;3
1990;Round of 16;Cameroon;2;1;Colombia;Cameroon;3
1990;Round of 16;Czechoslovakia;4;1;Costa Rica;Czechoslovakia;3
1990;Round of 16;Brazil;0;1;Argentina;Argentina;3
1990;Round of 16;Germany;2;1;Netherland;Germany;3
1990;Round of 16;Republic of Ireland;0;0;Romania;Draw;1
1990;Round of 16;Italy;2;0;Uruguay;Italy;3
1990;Round of 16;Spain;1;2;Yugoslavia;Yugoslavia;3
1990;Round of 16;England;1;0;Belgium;England;3
1990;Quarter-finals;Yugoslavia;0;0;Argentina;Draw;1
1990;Quarter-finals;Italy;1;0;Republic of Ireland;Italy;3
1990;Quarter-finals;Germany;1;0;Czechoslovakia;Germany;3
1990;Quarter-finals;England;3;2;Cameroon;England;3
1990;Semi-finals;Italy;1;1;Argentina;Draw;1
1990;Semi-finals;Germany;1;1;England;Draw;1
1990;Match for third place;Italy;2;1;England;Italy;3
1990;Final;Germany;1;0;Argentina;Germany;3
1994;Group C;Spain;2;2;South Korea;Draw;1
1994;Group C;Germany;1;0;Bolivia;Germany;3
1994;Group A;USA;1;1;Switzerland;Draw;1
1994;Group E;Italy;0;1;Republic of Ireland;Republic of Ireland;3
1994;Group A;Colombia;1;3;Romania;Romania;3
1994;Group F;Belgium;1;0;Morocco;Belgium;3
1994;Group E;Norway;1;0;Mexico;Norway;3
1994;Group B;Cameroon;2;2;Sweden;Draw;1
1994;Group F;Netherland;2;1;Saudi Arabia;Netherland;3
1994;Group B;Brazil;2;0;Russia;Brazil;3
1994;Group D;Argentina;4;0;Greece;Argentina;3
1994;Group D;Nigeria;3;0;Bulgaria;Nigeria;3
1994;Group C;Germany;1;1;Spain;Draw;1
1994;Group A;Romania;1;4;Switzerland;Switzerland;3
1994;Group A;USA;2;1;Colombia;USA;3
1994;Group E;Italy;1;0;Norway;Italy;3
1994;Group C;South Korea;0;0;Bolivia;Draw;1
1994;Group E;Mexico;2;1;Republic of Ireland;Mexico;3
1994;Group B;Sweden;3;1;Russia;Sweden;3
1994;Group B;Brazil;3;0;Cameroon;Brazil;3
1994;Group F;Belgium;1;0;Netherland;Belgium;3
1994;Group F;Saudi Arabia;2;1;Morocco;Saudi Arabia;3
1994;Group D;Argentina;2;1;Nigeria;Argentina;3
1994;Group D;Bulgaria;4;0;Greece;Bulgaria;3
1994;Group A;USA;0;1;Romania;Romania;3
1994;Group A;Switzerland;0;2;Colombia;Colombia;3
1994;Group C;Germany;3;2;South Korea;Germany;3
1994;Group C;Bolivia;1;3;Spain;Spain;3
1994;Group E;Republic of Ireland;0;0;Norway;Draw;1
1994;Group B;Brazil;1;1;Sweden;Draw;1
1994;Group E;Italy;1;1;Mexico;Draw;1
1994;Group B;Russia;6;1;Cameroon;Russia;3
1994;Group F;Morocco;1;2;Netherland;Netherland;3
1994;Group F;Belgium;0;1;Saudi Arabia;Saudi Arabia;3
1994;Group D;Greece;0;2;Nigeria;Nigeria;3
1994;Group D;Argentina;0;2;Bulgaria;Bulgaria;3
1994;Round of 16;Germany;3;2;Belgium;Germany;3
1994;Round of 16;Spain;3;0;Switzerland;Spain;3
1994;Round of 16;Saudi Arabia;1;3;Sweden;Sweden;3
1994;Round of 16;Romania;3;2;Argentina;Romania;3
1994;Round of 16;Netherland;2;0;Republic of Ireland;Netherland;3
1994;Round of 16;Brazil;1;0;USA;Brazil;3
1994;Round of 16;Nigeria;1;2;Italy;Italy;3
1994;Round of 16;Mexico;1;1;Bulgaria;Draw;1
1994;Quarter-finals;Italy;2;1;Spain;Italy;3
1994;Quarter-finals;Netherland;2;3;Brazil;Brazil;3
1994;Quarter-finals;Bulgaria;2;1;Germany;Bulgaria;3
1994;Quarter-finals;Romania;2;2;Sweden;Draw;1
1994;Semi-finals;Bulgaria;1;2;Italy;Italy;3
1994;Semi-finals;Sweden;0;1;Brazil;Brazil;3
1994;Match for third place;Sweden;4;0;Bulgaria;Sweden;3
1994;Final;Brazil;0;0;Italy;Draw;1
1998;Group A;Brazil;2;1;Scotland;Brazil;3
1998;Group A;Morocco;2;2;Norway;Draw;1
1998;Group B;Italy;2;2;Chile;Draw;1
1998;Group B;Cameroon;1;1;Austria;Draw;1
1998;Group D;Paraguay;0;0;Bulgaria;Draw;1
1998;Group C;Saudi Arabia;0;1;Denmark;Denmark;3
1998;Group C;France;3;0;South Africa;France;3
1998;Group D;Spain;2;3;Nigeria;Nigeria;3
1998;Group E;South Korea;1;3;Mexico;Mexico;3
1998;Group E;Netherland;0;0;Belgium;Draw;1
1998;Group H;Argentina;1;0;Japan;Argentina;3
1998;Group F;Yugoslavia;1;0;Iran;Yugoslavia;3
1998;Group H;Jamaica;1;3;Croatia;Croatia;3
1998;Group G;England;2;0;Tunisia;England;3
1998;Group G;Romania;1;0;Colombia;Romania;3
1998;Group F;Germany;2;0;USA;Germany;3
1998;Group A;Scotland;1;1;Norway;Draw;1
1998;Group A;Brazil;3;0;Morocco;Brazil;3
1998;Group B;Chile;1;1;Austria;Draw;1
1998;Group B;Italy;3;0;Cameroon;Italy;3
1998;Group C;South Africa;1;1;Denmark;Draw;1
1998;Group C;France;4;0;Saudi Arabia;France;3
1998;Group D;Nigeria;1;0;Bulgaria;Nigeria;3
1998;Group D;Spain;0;0;Paraguay;Draw;1
1998;Group H;Japan;0;1;Croatia;Croatia;3
1998;Group E;Belgium;2;2;Mexico;Draw;1
1998;Group E;Netherland;5;0;South Korea;Netherland;3
1998;Group F;Germany;2;2;Yugoslavia;Draw;1
1998;Group H;Argentina;5;0;Jamaica;Argentina;3
1998;Group F;USA;1;2;Iran;Iran;3
1998;Group G;Colombia;1;0;Tunisia;Colombia;3
1998;Group G;Romania;2;1;England;Romania;3
1998;Group B;Italy;2;1;Austria;Italy;3
1998;Group B;Chile;1;1;Cameroon;Draw;1
1998;Group A;Scotland;0;3;Morocco;Morocco;3
1998;Group A;Brazil;1;2;Norway;Norway;3
1998;Group C;France;2;1;Denmark;France;3
1998;Group C;South Africa;2;2;Saudi Arabia;Draw;1
1998;Group D;Spain;6;1;Bulgaria;Spain;3
1998;Group D;Nigeria;1;3;Paraguay;Paraguay;3
1998;Group E;Belgium;1;1;South Korea;Draw;1
1998;Group E;Netherland;2;2;Mexico;Draw;1
1998;Group F;Germany;2;0;Iran;Germany;3
1998;Group F;USA;0;1;Yugoslavia;Yugoslavia;3
1998;Group H;Japan;1;2;Jamaica;Jamaica;3
1998;Group H;Argentina;1;0;Croatia;Argentina;3
1998;Group G;Romania;1;1;Tunisia;Draw;1
1998;Group G;Colombia;0;2;England;England;3
1998;Round of 16;Italy;1;0;Norway;Italy;3
1998;Round of 16;Brazil;4;1;Chile;Brazil;3
1998;Round of 16;France;1;0;Paraguay;France;3
1998;Round of 16;Nigeria;1;4;Denmark;Denmark;3
1998;Round of 16;Germany;2;1;Mexico;Germany;3
1998;Round of 16;Netherland;2;1;Yugoslavia;Netherland;3
1998;Round of 16;Romania;0;1;Croatia;Croatia;3
1998;Round of 16;Argentina;2;2;England;Draw;1
1998;Quarter-finals;Italy;0;0;France;Draw;1
1998;Quarter-finals;Brazil;3;2;Denmark;Brazil;3
1998;Quarter-finals;Netherland;2;1;Argentina;Netherland;3
1998;Quarter-finals;Germany;0;3;Croatia;Croatia;3
1998;Semi-finals;Brazil;1;1;Netherland;Draw;1
1998;Semi-finals;France;2;1;Croatia;France;3
1998;Match for third place;Netherland;1;2;Croatia;Croatia;3
1998;Final;Brazil;0;3;France;France;3
2002;Group A;France;0;1;Senegal;Senegal;3
2002;Group A;Uruguay;1;2;Denmark;Denmark;3
2002;Group E;Republic of Ireland;1;1;Cameroon;Draw;1
2002;Group E;Germany;8;0;Saudi Arabia;Germany;3
2002;Group F;Argentina;1;0;Nigeria;Argentina;3
2002;Group B;Paraguay;2;2;South Africa;Draw;1
2002;Group F;England;1;1;Sweden;Draw;1
2002;Group B;Spain;3;1;Slovenia;Spain;3
2002;Group C;Brazil;2;1;Turkey;Brazil;3
2002;Group G;Italy;2;0;Ecuador;Italy;3
2002;Group G;Croatia;0;1;Mexico;Mexico;3
2002;Group C;China PR;0;2;Costa Rica;Costa Rica;3
2002;Group H;Japan;2;2;Belgium;Draw;1
2002;Group D;South Korea;2;0;Poland;South Korea;3
2002;Group H;Russia;2;0;Tunisia;Russia;3
2002;Group D;USA;3;2;Portugal;USA;3
2002;Group E;Germany;1;1;Republic of Ireland;Draw;1
2002;Group A;Denmark;1;1;Senegal;Draw;1
2002;Group E;Cameroon;1;0;Saudi Arabia;Cameroon;3
2002;Group A;France;0;0;Uruguay;Draw;1
2002;Group F;Sweden;2;1;Nigeria;Sweden;3
2002;Group F;Argentina;0;1;England;England;3
2002;Group B;Spain;3;1;Paraguay;Spain;3
2002;Group B;South Africa;1;0;Slovenia;South Africa;3
2002;Group C;Brazil;4;0;China PR;Brazil;3
2002;Group G;Italy;1;2;Croatia;Croatia;3
2002;Group C;Costa Rica;1;1;Turkey;Draw;1
2002;Group H;Japan;1;0;Russia;Japan;3
2002;Group G;Mexico;2;1;Ecuador;Mexico;3
2002;Group D;South Korea;1;1;USA;Draw;1
2002;Group D;Portugal;4;0;Poland;Portugal;3
2002;Group H;Tunisia;1;1;Belgium;Draw;1
2002;Group A;Denmark;2;0;France;Denmark;3
2002;Group A;Senegal;3;3;Uruguay;Draw;1
2002;Group E;Saudi Arabia;0;3;Republic of Ireland;Republic of Ireland;3
2002;Group E;Cameroon;0;2;Germany;Germany;3
2002;Group F;Sweden;1;1;Argentina;Draw;1
2002;Group F;Nigeria;0;0;England;Draw;1
2002;Group B;Slovenia;1;3;Paraguay;Paraguay;3
2002;Group B;South Africa;2;3;Spain;Spain;3
2002;Group C;Costa Rica;2;5;Brazil;Brazil;3
2002;Group C;Turkey;3;0;China PR;Turkey;3
2002;Group G;Ecuador;1;0;Croatia;Ecuador;3
2002;Group G;Mexico;1;1;Italy;Draw;1
2002;Group H;Tunisia;0;2;Japan;Japan;3
2002;Group D;Portugal;0;1;South Korea;South Korea;3
2002;Group D;Poland;3;1;USA;Poland;3
2002;Group H;Belgium;3;2;Russia;Belgium;3
2002;Round of 16;Denmark;0;3;England;England;3
2002;Round of 16;Germany;1;0;Paraguay;Germany;3
2002;Round of 16;Spain;1;1;Republic of Ireland;Draw;1
2002;Round of 16;Sweden;1;2;Senegal;Senegal;3
2002;Round of 16;Brazil;2;0;Belgium;Brazil;3
2002;Round of 16;Mexico;0;2;USA;USA;3
2002;Round of 16;Japan;0;1;Turkey;Turkey;3
2002;Round of 16;South Korea;2;1;Italy;South Korea;3
2002;Quarter-finals;England;1;2;Brazil;Brazil;3
2002;Quarter-finals;Germany;1;0;USA;Germany;3
2002;Quarter-finals;Senegal;0;1;Turkey;Turkey;3
2002;Quarter-finals;Spain;0;0;South Korea;Draw;1
2002;Semi-finals;Germany;1;0;South Korea;Germany;3
2002;Semi-finals;Brazil;1;0;Turkey;Brazil;3
2002;Third place;South Korea;2;3;Turkey;Turkey;3
2002;Final;Germany;0;2;Brazil;Brazil;3
2006;Group A;Germany;4;2;Costa Rica;Germany;3
2006;Group A;Poland;0;2;Ecuador;Ecuador;3
2006;Group B;England;1;0;Paraguay;England;3
2006;Group B;Trinidad and Tobago;0;0;Sweden;Draw;1
2006;Group C;Argentina;2;1;C\93te d'Ivoire;Argentina;3
2006;Group C;Serbia and Montenegro;0;1;Netherland;Netherland;3
2006;Group D;Mexico;3;1;Iran;Mexico;3
2006;Group D;Angola;0;1;Portugal;Portugal;3
2006;Group F;Australia;3;1;Japan;Australia;3
2006;Group E;USA;0;3;Czech Republic;Czech Republic;3
2006;Group E;Italy;2;0;Ghana;Italy;3
2006;Group G;South Korea;2;1;Togo;South Korea;3
2006;Group G;France;0;0;Switzerland;Draw;1
2006;Group F;Brazil;1;0;Croatia;Brazil;3
2006;Group H;Spain;4;0;Ukraine;Spain;3
2006;Group H;Tunisia;2;2;Saudi Arabia;Draw;1
2006;Group A;Germany;1;0;Poland;Germany;3
2006;Group A;Ecuador;3;0;Costa Rica;Ecuador;3
2006;Group B;England;2;0;Trinidad and Tobago;England;3
2006;Group B;Sweden;1;0;Paraguay;Sweden;3
2006;Group C;Argentina;6;0;Serbia and Montenegro;Argentina;3
2006;Group C;Netherland;2;1;C\93te d'Ivoire;Netherland;3
2006;Group D;Mexico;0;0;Angola;Draw;1
2006;Group D;Portugal;2;0;IR Iran;Portugal;3
2006;Group E;Czech Republic;0;2;Ghana;Ghana;3
2006;Group E;Italy;1;1;USA;Draw;1
2006;Group F;Japan;0;0;Croatia;Draw;1
2006;Group F;Brazil;2;0;Australia;Brazil;3
2006;Group G;France;1;1;South Korea;Draw;1
2006;Group G;Togo;0;2;Switzerland;Switzerland;3
2006;Group H;Saudi Arabia;0;4;Ukraine;Ukraine;3
2006;Group H;Spain;3;1;Tunisia;Spain;3
2006;Group A;Ecuador;0;3;Germany;Germany;3
2006;Group A;Costa Rica;1;2;Poland;Poland;3
2006;Group B;Sweden;2;2;England;Draw;1
2006;Group B;Paraguay;2;0;Trinidad and Tobago;Paraguay;3
2006;Group D;Iran;1;1;Angola;Draw;1
2006;Group D;Portugal;2;1;Mexico;Portugal;3
2006;Group C;Netherland;0;0;Argentina;Draw;1
2006;Group C;C\93te d'Ivoire;3;2;Serbia and Montenegro;C\93te d'Ivoire;3
2006;Group E;Czech Republic;0;2;Italy;Italy;3
2006;Group E;Ghana;2;1;USA;Ghana;3
2006;Group F;Japan;1;4;Brazil;Brazil;3
2006;Group F;Croatia;2;2;Australia;Draw;1
2006;Group H;Ukraine;1;0;Tunisia;Ukraine;3
2006;Group H;Saudi Arabia;0;1;Spain;Spain;3
2006;Group G;Togo;0;2;France;France;3
2006;Group G;Switzerland;2;0;South Korea;Switzerland;3
2006;Round of 16;Germany;2;0;Sweden;Germany;3
2006;Round of 16;Argentina;2;1;Mexico;Argentina;3
2006;Round of 16;England;1;0;Ecuador;England;3
2006;Round of 16;Portugal;1;0;Netherland;Portugal;3
2006;Round of 16;Italy;1;0;Australia;Italy;3
2006;Round of 16;Switzerland;0;0;Ukraine;Draw;1
2006;Round of 16;Brazil;3;0;Ghana;Brazil;3
2006;Round of 16;Spain;1;3;France;France;3
2006;Quarter-finals;Germany;1;1;Argentina;Draw;1
2006;Quarter-finals;Italy;3;0;Ukraine;Italy;3
2006;Quarter-finals;England;0;0;Portugal;Draw;1
2006;Quarter-finals;Brazil;0;1;France;France;3
2006;Semi-finals;Germany;0;2;Italy;Italy;3
2006;Semi-finals;Portugal;0;1;France;France;3
2006;Third place;Germany;3;1;Portugal;Germany;3
2006;Final;Italy;1;1;France;Draw;1
2010;Group A;South Africa;1;1;Mexico;Draw;1
2010;Group A;Uruguay;0;0;France;Draw;1
2010;Group B;South Korea;2;0;Greece;South Korea;3
2010;Group B;Argentina;1;0;Nigeria;Argentina;3
2010;Group C;England;1;1;USA;Draw;1
2010;Group C;Algeria;0;1;Slovenia;Slovenia;3
2010;Group D;Serbia;0;1;Ghana;Ghana;3
2010;Group D;Germany;4;0;Australia;Germany;3
2010;Group E;Netherland;2;0;Denmark;Netherland;3
2010;Group E;Japan;1;0;Cameroon;Japan;3
2010;Group F;Italy;1;1;Paraguay;Draw;1
2010;Group F;New Zealand;1;1;Slovakia;Draw;1
2010;Group G;C\93te d'Ivoire;0;0;Portugal;Draw;1
2010;Group G;Brazil;2;1;Korea DPR;Brazil;3
2010;Group H;Honduras;0;1;Chile;Chile;3
2010;Group H;Spain;0;1;Switzerland;Switzerland;3
2010;Group A;South Africa;0;3;Uruguay;Uruguay;3
2010;Group B;Argentina;4;1;South Korea;Argentina;3
2010;Group B;Greece;2;1;Nigeria;Greece;3
2010;Group A;France;0;2;Mexico;Mexico;3
2010;Group D;Germany;0;1;Serbia;Serbia;3
2010;Group C;Slovenia;2;2;USA;Draw;1
2010;Group C;England;0;0;Algeria;Draw;1
2010;Group E;Netherland;1;0;Japan;Netherland;3
2010;Group D;Ghana;1;1;Australia;Draw;1
2010;Group E;Cameroon;1;2;Denmark;Denmark;3
2010;Group F;Slovakia;0;2;Paraguay;Paraguay;3
2010;Group F;Italy;1;1;New Zealand;Draw;1
2010;Group G;Brazil;3;1;C\93te d'Ivoire;Brazil;3
2010;Group G;Portugal;7;0;Korea DPR;Portugal;3
2010;Group H;Chile;1;0;Switzerland;Chile;3
2010;Group H;Spain;2;0;Honduras;Spain;3
2010;Group A;Mexico;0;1;Uruguay;Uruguay;3
2010;Group A;France;1;2;South Africa;South Africa;3
2010;Group B;Nigeria;2;2;South Korea;Draw;1
2010;Group B;Greece;0;2;Argentina;Argentina;3
2010;Group C;Slovenia;0;1;England;England;3
2010;Group C;USA;1;0;Algeria;USA;3
2010;Group D;Ghana;0;1;Germany;Germany;3
2010;Group D;Australia;2;1;Serbia;Australia;3
2010;Group F;Slovakia;3;2;Italy;Slovakia;3
2010;Group F;Paraguay;0;0;New Zealand;Draw;1
2010;Group E;Denmark;1;3;Japan;Japan;3
2010;Group E;Cameroon;1;2;Netherland;Netherland;3
2010;Group G;Portugal;0;0;Brazil;Draw;1
2010;Group G;Korea DPR;0;3;C\93te d'Ivoire;C\93te d'Ivoire;3
2010;Group H;Chile;1;2;Spain;Spain;3
2010;Group H;Switzerland;0;0;Honduras;Draw;1
2010;Round of 16;Uruguay;2;1;South Korea;Uruguay;3
2010;Round of 16;USA;1;2;Ghana;Ghana;3
2010;Round of 16;Germany;4;1;England;Germany;3
2010;Round of 16;Argentina;3;1;Mexico;Argentina;3
2010;Round of 16;Netherland;2;1;Slovakia;Netherland;3
2010;Round of 16;Brazil;3;0;Chile;Brazil;3
2010;Round of 16;Paraguay;0;0;Japan;Draw;1
2010;Round of 16;Spain;1;0;Portugal;Spain;3
2010;Quarter-finals;Netherland;2;1;Brazil;Netherland;3
2010;Quarter-finals;Uruguay;1;1;Ghana;Draw;1
2010;Quarter-finals;Argentina;0;4;Germany;Germany;3
2010;Quarter-finals;Paraguay;0;1;Spain;Spain;3
2010;Semi-finals;Uruguay;2;3;Netherland;Netherland;3
2010;Semi-finals;Germany;0;1;Spain;Spain;3
2010;Match for third place;Uruguay;2;3;Germany;Germany;3
2010;Final;Netherland;0;1;Spain;Spain;3
2014;Group A;Brazil;3;1;Croatia;Brazil;3
2014;Group A;Mexico;1;0;Cameroon;Mexico;3
2014;Group B;Spain;1;5;Netherland;Netherland;3
2014;Group B;Chile;3;1;Australia;Chile;3
2014;Group C;Colombia;3;0;Greece;Colombia;3
2014;Group D;Uruguay;1;3;Costa Rica;Costa Rica;3
2014;Group D;England;1;2;Italy;Italy;3
2014;Group C;C\93te d'Ivoire;2;1;Japan;C\93te d'Ivoire;3
2014;Group E;Switzerland;2;1;Ecuador;Switzerland;3
2014;Group E;France;3;0;Honduras;France;3
2014;Group F;Argentina;2;1;Bosnia and Herzegovina;Argentina;3
2014;Group G;Germany;4;0;Portugal;Germany;3
2014;Group F;IR Iran;0;0;Nigeria;Draw;1
2014;Group G;Ghana;1;2;USA;USA;3
2014;Group H;Belgium;2;1;Algeria;Belgium;3
2014;Group A;Brazil;0;0;Mexico;Draw;1
2014;Group H;Russia;1;1;South Korea;Draw;1
2014;Group B;Australia;2;3;Netherland;Netherland;3
2014;Group B;Spain;0;2;Chile;Chile;3
2014;Group A;Cameroon;0;4;Croatia;Croatia;3
2014;Group C;Colombia;2;1;C\93te d'Ivoire;Colombia;3
2014;Group D;Uruguay;2;1;England;Uruguay;3
2014;Group C;Japan;0;0;Greece;Draw;1
2014;Group D;Italy;0;1;Costa Rica;Costa Rica;3
2014;Group E;Switzerland;2;5;France;France;3
2014;Group E;Honduras;1;2;Ecuador;Ecuador;3
2014;Group F;Argentina;1;0;IR Iran;Argentina;3
2014;Group G;Germany;2;2;Ghana;Draw;1
2014;Group F;Nigeria;1;0;Bosnia and Herzegovina;Nigeria;3
2014;Group H;Belgium;1;0;Russia;Belgium;3
2014;Group H;South Korea;2;4;Algeria;Algeria;3
2014;Group G;USA;2;2;Portugal;Draw;1
2014;Group B;Australia;0;3;Spain;Spain;3
2014;Group B;Netherland;2;0;Chile;Netherland;3
2014;Group A;Cameroon;1;4;Brazil;Brazil;3
2014;Group A;Croatia;1;3;Mexico;Mexico;3
2014;Group D;Italy;0;1;Uruguay;Uruguay;3
2014;Group D;Costa Rica;0;0;England;Draw;1
2014;Group C;Japan;1;4;Colombia;Colombia;3
2014;Group C;Greece;2;1;C\93te d'Ivoire;Greece;3
2014;Group F;Nigeria;2;3;Argentina;Argentina;3
2014;Group F;Bosnia and Herzegovina;3;1;IR Iran;Bosnia and Herzegovina;3
2014;Group E;Honduras;0;3;Switzerland;Switzerland;3
2014;Group E;Ecuador;0;0;France;Draw;1
2014;Group G;USA;0;1;Germany;Germany;3
2014;Group G;Portugal;2;1;Ghana;Portugal;3
2014;Group H;South Korea;0;1;Belgium;Belgium;3
2014;Group H;Algeria;1;1;Russia;Draw;1
2014;Round of 16;Brazil;1;1;Chile;Draw;1
2014;Round of 16;Colombia;2;0;Uruguay;Colombia;3
2014;Round of 16;France;2;0;Nigeria;France;3
2014;Round of 16;Germany;2;1;Algeria;Germany;3
2014;Quarter-finals;Brazil;2;1;Colombia;Brazil;3
2014;Quarter-finals;France;0;1;Germany;Germany;3
2014;Semi-finals;Brazil;1;7;Germany;Germany;3
2014;Play-off for third place;Brazil;0;3;Netherland;Netherland;3
2014;Final;Germany;1;0;Argentina;Germany;3
2014;Semi-finals;Netherland;0;0;Argentina;Draw;1
2014;Quarter-finals;Netherland;0;0;Costa Rica;Draw;1
2014;Quarter-finals;Argentina;1;0;Belgium;Argentina;3
2014;Round of 16;Netherland;2;1;Mexico;Netherland;3
2014;Round of 16;Costa Rica;1;1;Greece;Draw;1
2014;Round of 16;Argentina;1;0;Switzerland;Argentina;3
2014;Round of 16;Belgium;2;1;USA;Belgium;3
2014;Round of 16;Brazil;1;1;Chile;Draw;1
2014;Round of 16;Colombia;2;0;Uruguay;Colombia;3
2014;Round of 16;Netherland;2;1;Mexico;Netherland;3
2014;Round of 16;Costa Rica;1;1;Greece;Draw;1
2014;Round of 16;France;2;0;Nigeria;France;3
2014;Round of 16;Germany;2;1;Algeria;Germany;3
2014;Round of 16;Argentina;1;0;Switzerland;Argentina;3
2014;Round of 16;Belgium;2;1;USA;Belgium;3
2014;Quarter-finals;France;0;1;Germany;Germany;3
2014;Quarter-finals;Brazil;2;1;Colombia;Brazil;3
2014;Quarter-finals;Argentina;1;0;Belgium;Argentina;3
2014;Quarter-finals;Netherland;0;0;Costa Rica;Draw;1
2014;Semi-finals;Brazil;1;7;Germany;Germany;3
2014;Semi-finals;Netherland;0;0;Argentina;Draw;1
2014;Play-off for third place;Brazil;0;3;Netherland;Netherland;3
2014;Final;Germany;1;0;Argentina;Germany;3
2018;Group A;Russia;5;0;Saudi Arabia;Russia;3
2018;Group A;Egypt;0;1;Uruguay;Uruguay;3
2018;Group B;Morocco;0;1;IR Iran;IR Iran;3
2018;Group B;Portugal;3;3;Spain;Draw;1
2018;Group C;France;2;1;Australia;France;3
2018;Group D;Argentina;1;1;Iceland;Draw;1
2018;Group C;Peru;0;1;Denmark;Denmark;3
2018;Group D;Croatia;2;0;Nigeria;Croatia;3
2018;Group E;Costa Rica;0;1;Serbia;Serbia;3
2018;Group F;Germany;0;1;Mexico;Mexico;3
2018;Group E;Brazil;1;1;Switzerland;Draw;1
2018;Group F;Sweden;1;0;South Korea;Sweden;3
2018;Group G;Belgium;3;0;Panama;Belgium;3
2018;Group G;Tunisia;1;2;England;England;3
2018;Group H;Colombia;1;2;Japan;Japan;3
2018;Group H;Poland;1;2;Senegal;Senegal;3
2018;Group A;Russia;3;1;Egypt;Russia;3
2018;Group B;Portugal;1;0;Morocco;Portugal;3
2018;Group A;Uruguay;1;0;Saudi Arabia;Uruguay;3
2018;Group B;IR Iran;0;1;Spain;Spain;3
2018;Group C;Denmark;1;1;Australia;Draw;1
2018;Group C;France;1;0;Peru;France;3
2018;Group D;Argentina;0;3;Croatia;Croatia;3
2018;Group E;Brazil;2;0;Costa Rica;Brazil;3
2018;Group D;Nigeria;2;0;Iceland;Nigeria;3
2018;Group E;Serbia;1;2;Switzerland;Switzerland;3
2018;Group G;Belgium;5;2;Tunisia;Belgium;3
2018;Group F;South Korea;1;2;Mexico;Mexico;3
2018;Group F;Germany;2;1;Sweden;Germany;3
2018;Group G;England;6;1;Panama;England;3
2018;Group H;Japan;2;2;Senegal;Draw;1
2018;Group H;Poland;0;3;Colombia;Colombia;3
2018;Group A;Uruguay;3;0;Russia;Uruguay;3
2018;Group A;Saudi Arabia;2;1;Egypt;Saudi Arabia;3
2018;Group B;Spain;2;2;Morocco;Draw;1
2018;Group B;IR Iran;1;1;Portugal;Draw;1
2018;Group C;Australia;0;2;Peru;Peru;3
2018;Group C;Denmark;0;0;France;Draw;1
2018;Group D;Nigeria;1;2;Argentina;Argentina;3
2018;Group D;Iceland;1;2;Croatia;Croatia;3
2018;Group F;South Korea;2;0;Germany;South Korea;3
2018;Group F;Mexico;0;3;Sweden;Sweden;3
2018;Group E;Serbia;0;2;Brazil;Brazil;3
2018;Group E;Switzerland;2;2;Costa Rica;Draw;1
2018;Group H;Japan;0;1;Poland;Poland;3
2018;Group H;Senegal;0;1;Colombia;Colombia;3
2018;Group G;Panama;1;2;Tunisia;Tunisia;3
2018;Group G;England;0;1;Belgium;Belgium;3
2018;Round of 16;France;4;3;Argentina;France;3
2018;Round of 16;Uruguay;2;1;Portugal;Uruguay;3
2018;Round of 16;Spain;1;1;Russia;Draw;1
2018;Round of 16;Croatia;1;1;Denmark;Draw;1
2018;Round of 16;Brazil;2;0;Mexico;Brazil;3
2018;Round of 16;Belgium;3;2;Japan;Belgium;3
2018;Round of 16;Sweden;1;0;Switzerland;Sweden;3
2018;Round of 16;Colombia;1;1;England;Draw;1
2018;Quarter-finals;Uruguay;0;2;France;France;3
2018;Quarter-finals;Brazil;1;2;Belgium;Belgium;3
2018;Quarter-finals;Sweden;0;2;England;England;3
2018;Quarter-finals;Russia;2;2;Croatia;Draw;1
2018;Semi-finals;France;1;0;Belgium;France;3
2018;Semi-finals;Croatia;2;1;England;Croatia;3
2018;Play-off for third place;Belgium;2;0;England;Belgium;3
2018;Final;France;4;2;Croatia;France;3
2021;Friendly;Qatar;0;4;Serbia and Montenegro;Serbia and Montenegro;3
2021;Friendly;Qatar;1;3;Portugal;Portugal;3
2021;Friendly;Serbia and Montenegro;4;0;Qatar;Serbia and Montenegro;3
2021;Friendly;Portugal;3;1;Qatar;Portugal;3
